<?xml version="1.0" encoding="UTF-8"?>
<project-private xmlns="http://www.netbeans.org/ns/project-private/1">
    <editor-bookmarks xmlns="http://www.netbeans.org/ns/editor-bookmarks/2" lastBookmarkId="0"/>
    <open-files xmlns="http://www.netbeans.org/ns/projectui-open-files/2">
        <group>
            <file>file:/E:/gestaovarejo_v2_TDD_10052018/gestaovarejo/src/br/com/gestaovarejo/business/LoginBusiness.java</file>
            <file>file:/E:/gestaovarejo_v2_TDD_10052018/gestaovarejo/src/br/com/gestaovarejo/dominio/Fornecedor.java</file>
            <file>file:/E:/gestaovarejo_v2_TDD_10052018/gestaovarejo/src/br/com/gestaovarejo/tela/LoginFrame.java</file>
            <file>file:/E:/gestaovarejo_v2_TDD_10052018/gestaovarejo/src/br/com/gestaovarejo/dominio/Usuario.java</file>
            <file>file:/E:/gestaovarejo_v2_TDD_10052018/gestaovarejo/test/br/com/gestaovarejo/test/LoginMock.java</file>
            <file>file:/E:/gestaovarejo_v2_TDD_10052018/gestaovarejo/src/br/com/gestaovarejo/business/interfaces/LoginInterface.java</file>
            <file>file:/E:/gestaovarejo_v2_TDD_10052018/gestaovarejo/src/br/com/gestaovarejo/dominio/Cliente.java</file>
            <file>file:/E:/gestaovarejo_v2_TDD_10052018/gestaovarejo/src/br/com/gestaovarejo/business/ProdutoBusiness.java</file>
        </group>
    </open-files>
</project-private>
